title,genre,embed_tag,for_imagefilm
Bright Skies,Pop,lEKtVMbNPnQ,0
Playdate,Pop,f7tJm-xrKS0,0
Hickory Hollow,Pop,RLcv4vLFypg,0
Love Aside,Pop,8ePTFSwMNQw,0
Headphones,Pop,aqwCu-8oJiY,0
Oh My,Pop,wRR_CpGm8Ds,0
Hovering Thoughts,Klassik,hY0NkV0xdbE,0
No. 9 Esther’s Waltz,Klassik,U7cDpwC752g,0
C Major Prelude,Klassik,JA1MyWlosbU,0
Russian Dance,Klassik,sQTZ_qscox0,0
Summer Symphony Ball,Klassik,LszNQ-JwoNg,0
Dance of the Fireflies,Country & Folk,4v29cRNGYms,0
Jeremiah’s Song,Country & Folk,gk_vhRZ4hmA,0
River Crossing,Country & Folk,s8dPA3_sFzo,0
Lost Native,Country & Folk,cRdN3-4IpNQ,0
Traveller,Country & Folk,u1H6BGe7ZGE,0
Dude,Hip-Hop & Rap,dHKFQSzk37U,0
Outside Visitors,Hip-Hop & Rap,U5kwRNNG0Dw,0
Scary Island,Hip-Hop & Rap,RaDPmf-pG-U,0
Control,Reggae,s2qnflmqraY,0
Satisfaction Guaranteed,Reggae,qBF4Go2zI_w,0
Make Love Not War,Reggae,ajuKExFh09o,0
Ocean View,Dance & Electro,fCWhlxSK9Rs,0
Watch me,Dance & Electro,5d3Z3fo_VK4,0
Moons,Dance & Electro,5TikPgpqLlA,0
Snake on the Beach,Dance & Electro,AFpjrdOAXC8,0
Two of us,Ambient,SlajlPsLgwI,0
Shadowing,Ambient,Hl0nQIcmH18,0
Instant Crush,Ambient,tXKk39ftyf4,0
Parasail,Rock,MzO4zfNO0kQ,0
Royal,Rock,6xf4JOqvvCA,0
Trimmed & Taught,Rock,OyyjuWD2lsA,0
75&Lower,R&B Soul,PvnRmxrg8AA,1
Groove,R&B Soul,3F4Xq6iYWiQ,1
Mirror Mirror,R&B Soul,phbVYhSAblc,1
Bluesed and Abused,R&B Soul,7YIvCXo53Cc,1
Lude Illa,R&B Soul,YbgelZYlA3c,1
Full Moon Empty House,R&B Soul,hnDG9GlErPA,1
Kate’s Waltz,R&B Soul,cZA-bjAKk8I,1
Never Known a Love like this,R&B Soul,7dPl5pAtaHY,1
Mix it Up,R&B Soul,6B3sX-fYgdo,1
Puppy Love,R&B Soul,PlxcuRbntn8,1
Last Horizon,R&B Soul,Hl09eO3Sr2s,1
Lake Eerie,R&B Soul,Ec8jFEoXKxw,1
Let’s do it,R&B Soul,oBG8ldpu1Pk,1
Sweet as Honey,R&B Soul,hKsVu6cilWw,1
Hey Girl,R&B Soul,CrYQpIIgm_Q,1
Feeling Good,R&B Soul,ad2HN63lBVQ,1
Soul Groove,R&B Soul,hMIC8Rp4fD0,1
Thank you R.G.E.,R&B Soul,K_6hoYoWTFo,1
Staycation,Jazz,ObsiGsL5mXU,1
Canal 3,Jazz,cPiD66Kuyoc,1
Local Forecast,Jazz,EGCfHFIpuH4,1
Fortaleza,Jazz,WmPkkB7YHeQ,1
The Entertainer,Jazz,uqD3qSWAGpI,1
